category,measure,percent,as_published,note,ref
Small business,Statutory goal (15 U.S.C. 644(g)),23,not less than 23 percent,Of prime contract awards.,374
Small disadvantaged (SDB),Statutory goal (15 U.S.C. 644(g)),5,not less than 5 percent,,374
Women-owned (WOSB),Statutory goal (15 U.S.C. 644(g)),5,not less than 5 percent,,374
Service-disabled veteran-owned (SDVOSB),Statutory goal (15 U.S.C. 644(g)),5,not less than 5 percent,Statute: of prime and subcontract awards.,374
HUBZone,Statutory goal (15 U.S.C. 644(g)),3,not less than 3 percent,,374
Small business,"FY2024 result (SBA release 25-24, preliminary)",28.78,28.78% ($183.27B),"Release of January 10, 2025, described as preliminary prime contracting numbers; reference not rechecked.",381
Small disadvantaged (SDB),"FY2024 result (SBA release 25-24, preliminary)",12.26,12.26% ($78.10B),"Release of January 10, 2025, described as preliminary prime contracting numbers; reference not rechecked.",381
Women-owned (WOSB),"FY2024 result (SBA release 25-24, preliminary)",4.97,4.97% ($31.68B),"Release of January 10, 2025, described as preliminary prime contracting numbers; reference not rechecked.",381
Service-disabled veteran-owned (SDVOSB),"FY2024 result (SBA release 25-24, preliminary)",5.15,5.15% ($32.82B),"Release of January 10, 2025, described as preliminary prime contracting numbers; reference not rechecked.",381
HUBZone,"FY2024 result (SBA release 25-24, preliminary)",2.74,2.74% ($17.45B),"Release of January 10, 2025, described as preliminary prime contracting numbers; reference not rechecked.",381
Small disadvantaged (SDB),FY2024 result as restated in SBA's FY2025 release,12.27,12.27% in FY24,The January 2025 release gives 12.26%. Reference not rechecked.,382
Small business,"FY2025 result (CRS IN12018, Table 2)",27.58,27.58%,"CRS Insight dated June 30, 2026; percentages confirmed against its Table 2 on recheck.",378
Small disadvantaged (SDB),"FY2025 result (CRS IN12018, Table 2)",11.60,11.60%,"CRS Insight dated June 30, 2026; percentages confirmed against its Table 2 on recheck.",378
Women-owned (WOSB),"FY2025 result (CRS IN12018, Table 2)",4.52,4.52%,"CRS Insight dated June 30, 2026; percentages confirmed against its Table 2 on recheck.",378
Service-disabled veteran-owned (SDVOSB),"FY2025 result (CRS IN12018, Table 2)",5.01,5.01%,"CRS Insight dated June 30, 2026; percentages confirmed against its Table 2 on recheck.",378
HUBZone,"FY2025 result (CRS IN12018, Table 2)",2.66,2.66%,"CRS Insight dated June 30, 2026; percentages confirmed against its Table 2 on recheck.",378
Small business,FY2025 result (SBA release 26-64),27.9,27.9% ($179 billion),"The release wording is ""nearly 28%""; 27.9% is the figure as extracted. Reference not rechecked.",382
Small disadvantaged (SDB),FY2025 result (SBA release 26-64),11.6,11.6% ($75.3 billion),Reference not rechecked.,382
