id,date,plot_date,date_precision,status,basis,title,affects,ref
chg-collaboration-guidelines-withdrawn,2024-12-11,2024-12-11,day,final,primary,FTC and DOJ withdraw competitor-collaboration guidelines,teaming-contractor-team-arrangements;joint-venture-set-aside,765;828;829
chg-dfars-sbir-data-rights,2025-01-17,2025-01-17,day,final,primary,DFARS SBIR data rights: single 20-year period,data-rights-marking;data-rights-as-a-subcontractor;sbir-sttr-phase-iii;phase-iii-award,24;25;228;233
chg-sdb-goal-reset,2025-02-24,2025-02-24,day,announced,primary,SBA returns the SDB goal to 5%,sdb-self-representation;8a-business-development,317;374;377;380
chg-software-memo-2025-03,2025-03-06,2025-03-06,day,final,primary-partial,Software acquisition memo: CSOs and OTs the default,aaf-software-acquisition;diu-cso,1252;1255;1264
chg-fsrs-retired,2025-03-08,2025-03-08,day,final,primary,FSRS.gov retired; subaward reporting moves to SAM.gov,ffata-subaward-reporting;finding-subcontract-work,697;723;724;728
chg-eo-14240-gsa-consolidation,2025-03-20,2025-03-20,day,final,primary,Executive Order 14240 consolidates common buying in GSA,gsa-mas;sewp-vi;nitaac-cio-sp;alliant-3;polaris;buyer-gsa;civilian-procurement-model,509;510;513;519
chg-eo-14265,2025-04-09,2025-04-09,day,final,primary,Executive Order 14265 on defense acquisition,aaf-urgent-capability-acquisition;aaf-middle-tier-of-acquisition;aaf-major-capability-acquisition;aaf-software-acquisition;aaf-defense-business-systems;aaf-acquisition-of-services,1262
chg-eo-14275-far-overhaul,2025-04-15,2025-04-15,day,final,primary,Executive Order 14275 orders the FAR overhaul,total-small-business-set-aside;simplified-acquisition-and-micro-purchase;commercial-product-or-service-buy;civilian-procurement-model;reading-sam-gov;responding,386;403
chg-rfo-model-deviation-text,2025-05-02,2025-05-02,day,class-deviation,primary,FAR overhaul model deviation text begins (Part 1),total-small-business-set-aside;commercial-product-or-service-buy;simplified-acquisition-and-micro-purchase;sam-registration-uei;buy-american-taa;reading-sam-gov;responding;market-research-firm-side;civilian-procurement-model,389;410;418;575
chg-navalx-into-nrco,2025-08,2025-08-01,month,final,primary,NavalX folded into the Naval Rapid Capabilities Office,navalx-tech-bridges,1280
chg-rfo-part-19-class-deviations,2025-09-26,2025-09-26,day,class-deviation,primary,FAR Part 19 model text issued; adopted by class deviation,total-small-business-set-aside;partial-set-aside;order-set-aside-multiple-award;8a-sole-source-and-competition;hubzone-sole-source-and-price-preference;sdvosb-sole-source-and-va-veterans-first;wosb-edwosb-sole-source;subcontracting-under-prime-plan;joint-venture-set-aside;8a-business-development;hubzone;wosb-edwosb;vosb-sdvosb-vetcert;size-standards;recertification-size-status;nonmanufacturer-rule,391;400;401;402;407
chg-far-thresholds-2025-10-01,2025-10-01,2025-10-01,day,final,primary,FAR thresholds rise (90 FR 41872),simplified-acquisition-and-micro-purchase;total-small-business-set-aside;commercial-product-or-service-buy;subcontracting-under-prime-plan;8a-sole-source-and-competition;flow-down-clauses;reading-sam-gov;civilian-procurement-model,340;417;704;1036
chg-sbir-sttr-lapse,2025-10-01,2025-10-01,day,final,primary,SBIR/STTR authority lapses,sbir-sttr-governmentwide;nih-sbir-sttr-grants;dow-sbir-sttr,1;3;27;59
chg-fss-ordering-to-gsar-538-71,2025-11-03,2025-11-03,day,class-deviation,primary,Schedule ordering procedures move to GSAR 538.71,gsa-mas;order-set-aside-multiple-award,407;486;502;503;504;521;522
chg-acquisition-transformation-strategy,2025-11-07,2025-11-07,day,announced,primary,Acquisition Transformation Strategy announced,aaf-urgent-capability-acquisition;aaf-middle-tier-of-acquisition;aaf-major-capability-acquisition;aaf-software-acquisition;aaf-defense-business-systems;aaf-acquisition-of-services,1263;1264
chg-was-memo,2025-11-07,2025-11-07,day,announced,secondary-only,Warfighting Acquisition System memorandum (unread),aaf-urgent-capability-acquisition;aaf-middle-tier-of-acquisition;aaf-major-capability-acquisition;aaf-software-acquisition;aaf-defense-business-systems;aaf-acquisition-of-services,1263;1265;1266;1267;1269;1270
chg-cmmc-dfars-rule,2025-11-10,2025-11-10,day,final,primary,CMMC DFARS rule takes effect,cmmc;basic-safeguarding-nist-800-171;flow-down-clauses;dow-sbir-sttr,401;622;623;625
chg-blue-uas-to-dcma,2025-12-03,2025-12-03,day,final,primary,Blue UAS Cleared List moves to DCMA,blue-uas-cleared-list,1288
chg-dod-rfo-class-deviations,2025-12-18,2025-12-18,day,class-deviation,primary,"DoD class deviations adopting overhaul model text (Parts 12, 13, 40)",commercial-product-or-service-buy;simplified-acquisition-and-micro-purchase;order-set-aside-multiple-award;defense-commercial-solutions-opening;phase-iii-award;section-889-fascsa;basic-safeguarding-nist-800-171;cmmc;nontraditional-defense-contractor,227;401;410;1046;1047
chg-ndaa-fy26-1802-pae,2025-12-18,2025-12-18,day,final,primary,FY2026 NDAA s.1802: portfolio acquisition executive in statute,aaf-urgent-capability-acquisition;aaf-middle-tier-of-acquisition;aaf-major-capability-acquisition;aaf-software-acquisition;aaf-defense-business-systems;aaf-acquisition-of-services,806;1273
chg-ndaa-fy26-1804-tina,2025-12-18,2025-12-18,day,final,primary,"FY2026 NDAA s.1804: cost or pricing data threshold $10,000,000",aaf-urgent-capability-acquisition;aaf-middle-tier-of-acquisition;aaf-major-capability-acquisition;aaf-software-acquisition;aaf-defense-business-systems;aaf-acquisition-of-services;civilian-procurement-model,1036;1110;1325
chg-ndaa-fy26-1822,2025-12-18,2025-12-18,day,final,secondary-only,FY2026 NDAA s.1822: commercial products and services (content from digests),aaf-urgent-capability-acquisition;aaf-middle-tier-of-acquisition;aaf-major-capability-acquisition;aaf-software-acquisition;aaf-defense-business-systems;aaf-acquisition-of-services,806;1108;1274
chg-ndaa-fy26-1823-cso,2025-12-18,2025-12-18,day,final,primary,"FY2026 NDAA s.1823: CSO statute drops ""innovative"", adds follow-on production",aaf-urgent-capability-acquisition;aaf-middle-tier-of-acquisition;aaf-major-capability-acquisition;aaf-software-acquisition;aaf-defense-business-systems;aaf-acquisition-of-services;civilian-procurement-model;tradewinds-solutions-marketplace;ussocom-sof-atl-cso;ot-agreement-structure,1033
chg-ndaa-fy26-1823-dfars-pending,2025-12-18,2025-12-18,day,pending-implementation,primary,DFARS 212.70 not yet conformed to s.1823,defense-commercial-solutions-opening;tradewinds-solutions-marketplace;ussocom-sof-atl-cso;diu-cso,1033;1040;1046;1048
chg-ndaa-fy26-1824,2025-12-18,2025-12-18,day,final,secondary-only,FY2026 NDAA s.1824: flowdown limits (content from digests),aaf-urgent-capability-acquisition;aaf-middle-tier-of-acquisition;aaf-major-capability-acquisition;aaf-software-acquisition;aaf-defense-business-systems;aaf-acquisition-of-services,806;1108;1110;1274
chg-ndaa-fy26-1826,2025-12-18,2025-12-18,day,final,secondary-only,FY2026 NDAA s.1826: nontraditional contractor exemptions (content from digests),aaf-urgent-capability-acquisition;aaf-middle-tier-of-acquisition;aaf-major-capability-acquisition;aaf-software-acquisition;aaf-defense-business-systems;aaf-acquisition-of-services;diu-cso;ot-payable-milestones-cost-share,806;1032;1108;1110
chg-ndaa-fy26-1826-note-and-deviations,2025-12-18,2025-12-18,day,final,primary,FY2026 NDAA s.1826 statutory note at 10 U.S.C. 3014,nontraditional-defense-contractor;prototype-ot;ot-payable-milestones-cost-share;diu-cso,410;1032;1047;1048
chg-ndaa-fy26-824,2025-12-18,2025-12-18,day,final,secondary-only,FY2026 NDAA s.824: competition in defense contracting (content from digests),aaf-urgent-capability-acquisition;aaf-middle-tier-of-acquisition;aaf-major-capability-acquisition;aaf-software-acquisition;aaf-defense-business-systems;aaf-acquisition-of-services,806;1108
chg-recertification-125-12,2026-01-17,2026-01-17,day,final,primary,13 CFR 125.12 recertification transition date,recertification-size-status;size-at-subcontract;joint-venture-set-aside;size-standards,291;292
chg-8a-audit-suspensions,2026-01-28,2026-01-28,day,announced,primary,"8(a) audit: 1,091 firms suspended",8a-business-development;8a-sole-source-and-competition,318;319;321;322;323
chg-cio-sp4-cancelled,2026-01-30,2026-01-30,day,announced,secondary-only,CIO-SP4 cancellation reported (trade press only),nitaac-cio-sp,549
chg-awrs-2026,2026-02-03,2026-02-03,day,announced,primary,Acquisition Workforce Reform Strategy,aaf-urgent-capability-acquisition;aaf-middle-tier-of-acquisition;aaf-major-capability-acquisition;aaf-software-acquisition;aaf-defense-business-systems;aaf-acquisition-of-services,1272
chg-esrs-decommissioned,2026-02-20,2026-02-20,day,final,primary,eSRS decommissioned; reports move to SAM.gov,subcontracting-plan-reporting-sam;subcontracting-under-prime-plan,436;699;700;701;704;720;721
chg-fpds-ezsearch-decommissioned,2026-02-24,2026-02-24,day,final,primary,FPDS ezSearch decommissioned,reading-sam-gov;market-research-firm-side;ots-in-public-data,584
chg-pae-stand-up-2026,2026-03-16,2026-03-16,day,final,primary,Portfolio Acquisition Executive organisations stood up,aaf-urgent-capability-acquisition;aaf-middle-tier-of-acquisition;aaf-major-capability-acquisition;aaf-software-acquisition;aaf-defense-business-systems;aaf-acquisition-of-services;navalx-tech-bridges,1277;1278;1279
chg-challenge-gov-sunset,2026-03-30,2026-03-30,day,final,primary,Challenge.gov sunset,federal-prizes-after-challenge-gov;dhs-prize-competitions;prize-eligibility-rules;dot-arpa-i-faa-ot,276;1405;1406
chg-dowi-5000-02-april-2026,2026-04,2026-04-01,month,final,unread,DoWI 5000.02 listed as April 2026 (text unread),aaf-urgent-capability-acquisition;aaf-middle-tier-of-acquisition;aaf-major-capability-acquisition;aaf-software-acquisition;aaf-defense-business-systems;aaf-acquisition-of-services,1238;1241;1242
chg-mas-tdr-mandatory,2026-04-02,2026-04-02,day,final,primary,Transactional Data Reporting mandatory on all MAS SINs (Refresh 31),gsa-mas,487;489;490
chg-pl-119-83-reauthorization,2026-04-13,2026-04-13,day,final,primary,"Pub. L. 119-83 reauthorizes SBIR/STTR to Sept 30, 2031",sbir-sttr-governmentwide;direct-to-phase-ii;strategic-breakthrough-awards;strategic-breakthrough-award;technical-business-assistance;taba;foreign-disclosure-security-review;nih-sbir-sttr-grants;nsf-sbir-sttr;dow-sbir-sttr,1;2;35;140;142;143
chg-sbir-directive-and-phase-iii-pending,2026-04-13,2026-04-13,day,pending-implementation,primary,SBIR directive revision and Phase III measures pending,sbir-sttr-governmentwide;sbir-sttr-phase-iii;phase-iii-award;procurement-center-representative;direct-to-phase-ii;sequential-phase-ii;data-rights-marking,1;2;5;7
chg-sbir-proposal-limits-fy2027,2026-04-13,2026-04-13,day,pending-implementation,primary,SBIR/STTR proposal limits per firm from FY2027,proposal-cap;sbir-sttr-governmentwide;nih-sbir-sttr-grants;nih-sbir-contracts;cdc-sbir;fda-sbir;dow-sbir-sttr;afwerx-sbir-sttr;nsf-sbir-sttr;nasa-sbir-sttr;doe-sbir-sttr;usda-nifa-sbir-sttr;dot-sbir;dhs-sbir;epa-sbir;ed-ies-sbir;nist-sbir;noaa-sbir,1;2;28;29;61
chg-mas-refresh-32,2026-06,2026-06-01,month,final,primary,GSA MAS Refresh 32,gsa-mas;blue-uas-cleared-list,484;488
chg-nitaac-sunset,2026-06-09,2026-06-09,day,announced,primary-partial,NITAAC notice on CIO-SP3 and CIO-CS,nitaac-cio-sp,546;547;548
chg-far-1-109-sunset-dispute,2026-06-23,2026-06-23,day,proposed,primary,FAR 1.109 sunset: official texts differ,total-small-business-set-aside,386;392;403
chg-rfo-proposed-rules-2026-06-23,2026-06-23,2026-06-23,day,proposed,primary,FAR overhaul: first four proposed rules,total-small-business-set-aside;commercial-product-or-service-buy;agency-level-protest;gao-bid-protest;sam-registration;sam-registration-uei;cage-ncage;reps-and-certs;naics-size-at-offer;section-889-fascsa;disputes-with-a-prime;reading-sam-gov,403;404;407;408
chg-fy25-scorecard,2026-06-25,2026-06-25,day,final,primary,SBA FY2025 scorecard release,sdb-self-representation;8a-business-development;buyer-sba,382
chg-cmmc-phase-ii-suspended,2026-07-13,2026-07-13,day,announced,primary-partial,CMMC Phase II suspended,cmmc;basic-safeguarding-nist-800-171;flow-down-clauses;dow-sbir-sttr,401;410;623;625;627;630;631
chg-8a-social-disadvantage-rule,2026-08-11,2026-08-11,day,final,primary,"8(a) rule removes presumption of social disadvantage (final; effective Sept 10, 2026)",8a-business-development;8a-sole-source-and-competition;sdb-self-representation,312;313;314;325
chg-pl-119-106-ot-reporting,2026-09-11,2026-09-11,day,pending-implementation,primary,Pub. L. 119-106: OT data to go on USAspending.gov,ot-payment-reporting;consortium-project-agreement,1129;1421
chg-rfo-proposed-rules-2026-09-18,2026-09-18,2026-09-18,day,proposed,primary,FAR overhaul: second set of four proposed rules,simplified-acquisition-and-micro-purchase;commercial-product-or-service-buy;order-set-aside-multiple-award;teaming-contractor-team-arrangements;subcontracting-under-prime-plan;baa-far-35-016;gsa-mas;flow-down-clauses;responding,405;406;407;409;521
chg-front-doors-unconfirmed,2026-10-03,2026-10-03,day,announced,unconfirmed,Front doors not confirmed as live at sweep close,afwerx-prime-agility-prime-challenge;navalx-tech-bridges;blue-uas-cleared-list;dhs-svip;nasa-tipping-point;nsf-convergence-accelerator;ussocom-sof-atl-cso,1280;1288;1295;1303;1311;1344;1398
