consortium,acronym,manager,sponsor,dues_as_posted,dues_period,fee_on_awards_as_posted,note,record,ref
Strategic & Spectrum Missions Advanced Resilient Trusted Systems,S2MARTS,NSTXL,NSWC Crane Division,"One NSTXL membership, by annual revenue: corporate $250 (under $10M), $1,000 ($10M-$50M), $5,000 ($50M-$100M), $10,000 ($100M+); non-profit $500 (under $50M), $5,000, $10,000; university $2,500; laboratory $2,500; incubator $500; investor $2,500",annual,None taken from the performer; NSTXL is paid a management fee by the Government,One membership covers every OT NSTXL manages.,s2marts,1138;1142;1150;1151
Space Enterprise Consortium,SpEC,NSTXL,Space Systems Command,"One NSTXL membership, by annual revenue: corporate $250 (under $10M), $1,000 ($10M-$50M), $5,000 ($50M-$100M), $10,000 ($100M+); non-profit $500 (under $50M), $5,000, $10,000; university $2,500; laboratory $2,500; incubator $500; investor $2,500",annual,None taken from the performer; NSTXL is paid a management fee by the Government,One membership covers every OT NSTXL manages.,spec,1138;1142;1147
Joint Directed Energy Consortium,JDEC,NSTXL,"Office of the Under Secretary of War for Research and Engineering, Critical Technologies, Scaled Directed Energy",JDEC membership is currently free,,None taken from the performer; NSTXL is paid a management fee by the Government,,jdec,1138;1142;1154
Training and Readiness Accelerator II,TReX II,ATI,"U.S. Army PEO Simulation, Training and Instrumentation; Army Contracting Command - Orlando","$500, no tiers",annual,,,trex-ii,1160;1162;1161
National Armaments Consortium / DoD Ordnance Technology Consortium,NAC / DOTC,ATI,Department of Defense (DOTC),$500 one-time fee; no recurring annual dues,one-time,"0.5% of all awarded funding (not ceiling), effective 2023-10-01",,nac-dotc,1168;1169;1165;1164
Aviation & Missile Technology Consortium,AMTC,ATI,Army Aviation & Missile Center (named AMRDEC in the 2018 announcement),"Through NAC: $500 one-time, no recurring annual dues. Through VLC: $500 a year, renewed each January",one-time (NAC) or annual (VLC),0.15% of all awarded funding (not ceiling),"Effective date of the assessment differs: 2020-10-01 on the AMTC FAQ, 2023-10-01 on the NAC FAQ.",amtc,1168;1178;1172;1169;1170;1173
Vertical Lift Consortium,VLC,ATI,,"$500 a year, renewed each January; pro-rated if joining after March",annual,An assessment applies to all project awards (VLC Bylaws section 5.6(d)); rate not stated,Manager as listed on the MITRE consortia list. Sponsor not confirmed from a consortium page.,vlc,1178;1115
Naval Energetic Systems and Technologies,NEST,ATI,Naval Surface Warfare Center Indian Head Division,Through NAC: $500 one-time fee; no recurring annual dues,one-time,"0.5% of all awarded funding (not ceiling), effective 2023-10-01",,nest,1168;1169;1209;1208
Medical Technology Enterprise Consortium,MTEC,,U.S. Army Medical Research and Development Command,"Small business (1-499 employees) $1,000; large business (500+) $5,000; academic institution $1,000; non-profit (non-academic) $5,000",per year,Dues and project award assessments fund the consortium; no rate given,Manager unresolved: the MITRE list shows MTEC under ATI; MTEC's own pages name no manager.,mtec,1180;1183;1181;1115
Medical CBRN Defense Consortium,MCDC,ATI,CPE CBRND in the site footer (JPEO-CBRND on the MITRE list),$250,"annual, renewed each fiscal year",,,mcdc,1185;1184
Countering Weapons of Mass Destruction Consortium,CWMD,ATI,JPEO-CBRND,$250,"annual, renewed each fiscal year",,,cwmd,1187;1186
Defense Industrial Base Consortium,DIBC,ATI,WIRE office (established it),"No cost in the first year; after that dues ""may increase to $250""",annual after the first year,,,dibc,1191;1190
Naval Surface Technology & Innovation Consortium,NSTIC,ATI,,No annual dues,,"0.05% of all awarded funding (not ceiling), effective 2025-10-01",Manager as listed on the MITRE consortia list. Sponsor not confirmed from a consortium page.,nstic,1193;1194;1115
Undersea Technology Innovation Consortium,UTIC,ATI,NUWC Division Newport,"Large business $1,500 a year ($750 if joining July-December); all others $500 ($250 if joining July-December)",annual,,,utic,1196;1197
Information Warfare Research Project,IWRP,ATI,"NIWC Atlantic, for NAVWAR","Large businesses $1,500; all others (small businesses, academic institutions, nonprofits) $500; pro-rated April-September: $750 and $250","annual, payable October 1",The consortium runs on dues and project award assessments; no rate given,From the membership agreement conformed 2021-12-22; a later amendment was not read.,iwrp,1204;1203;1206
Rapid Response Partnership Vehicle,RRPV,ATI,BARDA (HHS); not a DoD consortium,No initiation fee; no annual dues,,,Manager as listed on the MITRE consortia list; sponsor from the consortium record.,rrpv,1215;1115;1214
"Consortium for Command, Control and Communications in Cyberspace",C5,CMG,Army PEO IEW&S (one OT); Marine Corps Systems Command (one OT),$500; waived for academic institutions,annual,A fixed-percentage management and administrative fee on each prototype project awarded; rate not stated on the page,The 2017 base agreement set the fee at 4.3% of each project firm-fixed price from award through government fiscal year 2018; the current rate is not posted.,c5,1220;1224;1221;1115
"Consortium for Energy, Environment and Demilitarization",CEED,CMG,Army Corps of Engineers; Marine Corps Systems Command,"$500, non-refundable; waived for academic institutions",annual,A fixed-percentage management and administrative fee on each prototype project; rate not stated,,ceed,1222;1223;1115
Naval Aviation Systems Consortium,NASC,CMG,The Navy,$500; waived for academic institutions; first year complimentary (2022),annual,,Dues come from 2022 industry-day slides hosted by a third party and are not on the current site.,nasc,1227;1225;1115
National Advanced Mobility Consortium,NAMC,"None: member-led, no consortium management firm",Ground Vehicle Systems Center; contracting office Army Contracting Command - Detroit Arsenal,"$500 flat fee per company, prorated within the October-September fiscal year; no other membership fees",annual,,,namc,1229;1230;1228;1231
Cornerstone Consortium,Cornerstone,The Government: DEVCOM Chemical Biological Center and Army Contracting Command - Rock Island,IBAS (Industrial Base Analysis and Sustainment) program manager,Membership is free,,,Members sign a Cornerstone Management Agreement.,cornerstone,1235
