threshold,governing_text,source_type,amount_as_published,amount_usd,prior_as_published,prior_usd,effective,status,note,ref
Micro-purchase threshold,"FAR 2.101; 90 FR 41872 (FAR Case 2024-001, FAC 2025-06)",FAR,"$15,000",15000,"$10,000",10000,2025-10-01,raised,"FAR 2.101 also gives $2,000 for construction subject to wage rate requirements and $2,500 for services subject to Service Contract Labor Standards.",417;418;340
Simplified acquisition threshold,"90 FR 41872 (FAR Case 2024-001, FAC 2025-06); applied in FAR 13.003",FAR,"$350,000",350000,"$250,000",250000,2025-10-01,raised,Between the micro-purchase threshold and this figure a purchase is set aside for small business (FAR 13.003(b)).,417;438;340
Commercial simplified procedures ceiling,"FAR 13.500; 90 FR 41872 (FAR Case 2024-001, FAC 2025-06)",FAR,"$9,000,000",9000000,"$7,500,000",7500000,2025-10-01,raised,Commercial products and commercial services only.,417;439;340
"Commercial simplified procedures ceiling, FAR 13.500(c) acquisitions",FAR 13.500(c),FAR,$15 million,15000000,,,,prior figure not in the references read,"Contingency, cyber or CBRN defense, international disaster assistance, emergency or major disaster. Figure as codified at FAC 2026-01.",439
"Subcontracting plan, firms that are not small","FAR 19.702; 90 FR 41872 (FAR Case 2024-001, FAC 2025-06)",FAR,"$900,000",900000,"$750,000",750000,2025-10-01,raised,Contracts expected to exceed the figure that have subcontracting possibilities.,417;692;340
"Subcontracting plan, firms that are not small",13 CFR 125.3,SBA regulation,"$750,000",750000,,,,sources differ: SBA text still prints the earlier figure,"eCFR text read 2026-10-01: ""in excess of $750,000"".",704
"Subcontracting plan, construction","FAR 19.702; 90 FR 41872 (FAR Case 2024-001, FAC 2025-06)",FAR,"$2,000,000",2000000,"$1,500,000",1500000,2025-10-01,raised,"FAR 19.702 prints ""$2 million for construction"".",417;692;340
"Subcontracting plan, construction",13 CFR 125.3,SBA regulation,"$1,500,000",1500000,,,,sources differ: SBA text still prints the earlier figure,"eCFR text: ""in excess of $1,500,000 for construction of a public facility"".",704
Certified cost or pricing data,"FAR 15.403-4; 90 FR 41872 (FAR Case 2024-001, FAC 2025-06)",FAR,"$2,500,000",2500000,"$2,000,000",2000000,2025-10-01,raised,"Contracts after July 1, 2018. FAR 15.403-4 prints $2.5 million as fetched.",417;1325;340
Certified cost or pricing data,10 U.S.C. 3702 as amended by Pub. L. 119-60 section 1804(c),statute,"$10,000,000",10000000,"$2,000,000",2000000,"prime contracts entered into after June 30, 2026","sources differ: later statute, defense contracts","Statute for defense prime contracts; $2,000,000 applies on or before June 30, 2026. Modifications: $10,000,000.",1036
8(a) sole-source justification,"FAR 19.808-1 and FAR 6.204; 90 FR 41872 (FAR Case 2024-001, FAC 2025-06)",FAR,"$30,000,000",30000000,"$25,000,000",25000000,2025-10-01,raised,SBA may not accept a sole-source 8(a) contract over the figure without a FAR 6.303 justification.,417;339;340
8(a) sole-source justification,13 CFR 124.506,SBA regulation,"$25,000,000",25000000,,,,sources differ: SBA text prints the earlier figure,"The same section gives $100,000,000 for a DoD agency.",331
"8(a) competitive threshold (sole-source ceiling), manufacturing NAICS",FAR 19.805-1,FAR,$8.5 million,8500000,,,,sources differ,"Codified FAR at FAC 2026-01, effective 03/13/2026. Prior figure not in the references read.",338
"8(a) competitive threshold (sole-source ceiling), manufacturing NAICS",13 CFR 124.506,SBA regulation,"$7,000,000",7000000,,,,sources differ,eCFR text read 2026-10-01.,331
"8(a) competitive threshold (sole-source ceiling), all other acquisitions",FAR 19.805-1,FAR,$5.5 million,5500000,,,,sources differ,"Codified FAR at FAC 2026-01, effective 03/13/2026. Prior figure not in the references read.",338
"8(a) competitive threshold (sole-source ceiling), all other acquisitions",13 CFR 124.506,SBA regulation,"$4,500,000",4500000,,,,sources differ,eCFR text read 2026-10-01.,331
Construction performance and payment bonds,FAR 28.102-1,FAR,"exceeding $150,000",150000,unchanged (excluded from the adjustment),,,not adjusted on 2025-10-01; sources differ,"Between $35,000 and $150,000 the contracting officer selects two or more payment protections.",644;340
Construction performance and payment bonds,40 U.S.C. 3131,statute,"more than $100,000",100000,,,,sources differ,Statutory text as read on the Cornell LII mirror.,947
Service Contract Labor Standards,FAR subpart 22.10,FAR,"over $2,500",2500,unchanged (excluded from the adjustment),,,not adjusted on 2025-10-01,,650;340
Construction Wage Rate Requirements,FAR 22.403-1,FAR,"in excess of $2,000",2000,unchanged (excluded from the adjustment),,,not adjusted on 2025-10-01,,651;340
"Trade agreements (WTO GPA), supplies and services",FAR 25.402,FAR,"$174,000",174000,unchanged (excluded from the adjustment),,,not adjusted on 2025-10-01,"Construction: $6,683,000.",653;340
